{
    "10% Zygarde": 0,
    "Abomasnow": 1,
    "Abra": 2,
    "Absol": 3,
    "Accelgor": 4,
    "Aegislash": 5,
    "Aerodactyl": 6,
    "Aggron": 7,
    "Aipom": 8,
    "Alakazam": 9,
    "Alcremie": 10,
    "Alolan Diglett": 11,
    "Alolan Dugtrio": 12,
    "Alolan Exeggutor": 13,
    "Alolan Geodude": 14,
    "Alolan Golem": 15,
    "Alolan Graveler": 16,
    "Alolan Grimer": 17,
    "Alolan Marowak": 18,
    "Alolan Meowth": 19,
    "Alolan Muk": 20,
    "Alolan Ninetales": 21,
    "Alolan Persian": 22,
    "Alolan Raichu": 23,
    "Alolan Raticate": 24,
    "Alolan Rattata": 25,
    "Alolan Sandshrew": 26,
    "Alolan Sandslash": 27,
    "Alolan Vulpix": 28,
    "Alomomola": 29,
    "Altaria": 30,
    "Amaura": 31,
    "Ambipom": 32,
    "Amoonguss": 33,
    "Amped Toxtricity": 34,
    "Ampharos": 35,
    "Annihilape": 36,
    "Anorith": 37,
    "Appletun": 38,
    "Applin": 39,
    "Aqua Breed Tauros": 40,
    "Araquanid": 41,
    "Arbok": 42,
    "Arboliva": 43,
    "Arcanine": 44,
    "Arceus": 45,
    "Archaludon": 46,
    "Archen": 47,
    "Archeops": 48,
    "Arctibax": 49,
    "Arctovish": 50,
    "Arctozolt": 51,
    "Ariados": 52,
    "Armaldo": 53,
    "Armarouge": 54,
    "Aromatisse": 55,
    "Aron": 56,
    "Arrokuda": 57,
    "Articuno": 58,
    "Attack Deoxys": 59,
    "Audino": 60,
    "Aurorus": 61,
    "Avalugg": 62,
    "Axew": 63,
    "Azelf": 64,
    "Azumarill": 65,
    "Azurill": 66,
    "Bagon": 67,
    "Baltoy": 68,
    "Banette": 69,
    "Barbaracle": 70,
    "Barboach": 71,
    "Barraskewda": 72,
    "Basculegion": 73,
    "Basculin": 74,
    "Bastiodon": 75,
    "Baxcalibur": 76,
    "Bayleef": 77,
    "Beartic": 78,
    "Beautifly": 79,
    "Beedrill": 80,
    "Beheeyem": 81,
    "Beldum": 82,
    "Bellibolt": 83,
    "Bellossom": 84,
    "Bellsprout": 85,
    "Bergmite": 86,
    "Bewear": 87,
    "Bibarel": 88,
    "Bidoof": 89,
    "Binacle": 90,
    "Bisharp": 91,
    "Blacephalon": 92,
    "Blade Aegislash": 93,
    "Blastoise": 94,
    "Blaze Breed Tauros": 95,
    "Blaziken": 96,
    "Blipbug": 97,
    "Blissey": 98,
    "Blitzle": 99,
    "Bloodmoon Ursaluna": 100,
    "Blue Plumage Squawkabilly": 101,
    "Blue-Striped Basculin": 102,
    "Boldore": 103,
    "Boltund": 104,
    "Bombirdier": 105,
    "Bonsly": 106,
    "Bouffalant": 107,
    "Bounsweet": 108,
    "Boxel": 109,
    "Braixen": 110,
    "Brambleghast": 111,
    "Bramblin": 112,
    "Braviary": 113,
    "Breloom": 114,
    "Brionne": 115,
    "Bronzong": 116,
    "Bronzor": 117,
    "Brute Bonnet": 118,
    "Bruxish": 119,
    "Budew": 120,
    "Buizel": 121,
    "Bulbasaur": 122,
    "Buneary": 123,
    "Bunnelby": 124,
    "Burmy": 125,
    "Butterfree": 126,
    "Buzzwole": 127,
    "Cacnea": 128,
    "Cacturne": 129,
    "Calyrex": 130,
    "Camerupt": 131,
    "Capsakid": 132,
    "Carbink": 133,
    "Carkol": 134,
    "Carnivine": 135,
    "Carracosta": 136,
    "Carvanha": 137,
    "Cascoon": 138,
    "Castform": 139,
    "Caterpie": 140,
    "Celebi": 141,
    "Celesteela": 142,
    "Centiskorch": 143,
    "Ceruledge": 144,
    "Cetitan": 145,
    "Cetoddle": 146,
    "Chandelure": 147,
    "Chansey": 148,
    "Charcadet": 149,
    "Charizard": 150,
    "Charjabug": 151,
    "Charmander": 152,
    "Charmeleon": 153,
    "Chatot": 154,
    "Cheerleader Oricorio": 155,
    "Cherrim": 156,
    "Cherubi": 157,
    "Chesnaught": 158,
    "Chespin": 159,
    "Chewtle": 160,
    "Chi-Yu": 161,
    "Chien-Pao": 162,
    "Chikorita": 163,
    "Chimchar": 164,
    "Chimecho": 165,
    "Chinchou": 166,
    "Chingling": 167,
    "Cinccino": 168,
    "Cinderace": 169,
    "Clamperl": 170,
    "Clauncher": 171,
    "Clawitzer": 172,
    "Claydol": 173,
    "Clefable": 174,
    "Clefairy": 175,
    "Cleffa": 176,
    "Clobbopus": 177,
    "Clodsire": 178,
    "Cloyster": 179,
    "Coalossal": 180,
    "Cobalion": 181,
    "Cofagrigus": 182,
    "Combat Breed Tauros": 183,
    "Combee": 184,
    "Combusken": 185,
    "Comfey": 186,
    "Complete Zygarde": 187,
    "Conkeldurr": 188,
    "Copperajah": 189,
    "Cornerstone Mask Ogerpon": 190,
    "Corphish": 191,
    "Corsola": 192,
    "Corviknight": 193,
    "Corvisquire": 194,
    "Cosmoem": 195,
    "Cosmog": 196,
    "Cottonee": 197,
    "Crabominable": 198,
    "Crabrawler": 199,
    "Cradily": 200,
    "Cramorant": 201,
    "Cranidos": 202,
    "Crawdaunt": 203,
    "Cresselia": 204,
    "Croagunk": 205,
    "Crobat": 206,
    "Crocalor": 207,
    "Croconaw": 208,
    "Crustle": 209,
    "Cryogonal": 210,
    "Cubchoo": 211,
    "Cubone": 212,
    "Cufant": 213,
    "Cursola": 214,
    "Cutiefly": 215,
    "Cyclizar": 216,
    "Cyndaquil": 217,
    "Dachsbun": 218,
    "Dada Zarude": 219,
    "Darkrai": 220,
    "Darmanitan": 221,
    "Dartrix": 222,
    "Darumaka": 223,
    "Decidueye": 224,
    "Dedenne": 225,
    "Deerling": 226,
    "Defense Deoxys": 227,
    "Deino": 228,
    "Delcatty": 229,
    "Delibird": 230,
    "Delphox": 231,
    "Deoxys": 232,
    "Dewgong": 233,
    "Dewott": 234,
    "Dewpider": 235,
    "Dhelmise": 236,
    "Dialga": 237,
    "Diancie": 238,
    "Diggersby": 239,
    "Diglett": 240,
    "Dipplin": 241,
    "Ditto": 242,
    "Dodrio": 243,
    "Doduo": 244,
    "Dolliv": 245,
    "Dondozo": 246,
    "Donphan": 247,
    "Dottler": 248,
    "Doublade": 249,
    "Dracovish": 250,
    "Dracozolt": 251,
    "Dragalge": 252,
    "Dragapult": 253,
    "Dragonair": 254,
    "Dragonite": 255,
    "Drakloak": 256,
    "Drampa": 257,
    "Drapion": 258,
    "Dratini": 259,
    "Drednaw": 260,
    "Dreepy": 261,
    "Drifblim": 262,
    "Drifloon": 263,
    "Drilbur": 264,
    "Drizzile": 265,
    "Droopy Tatsugiri": 266,
    "Drowzee": 267,
    "Druddigon": 268,
    "Dubwool": 269,
    "Ducklett": 270,
    "Dudunsparce": 271,
    "Dugtrio": 272,
    "Dunsparce": 273,
    "Duosion": 274,
    "Duraludon": 275,
    "Durant": 276,
    "Dusclops": 277,
    "Dusk Lycanroc": 278,
    "Dusknoir": 279,
    "Duskull": 280,
    "Dustox": 281,
    "Dwebble": 282,
    "Eelektrik": 283,
    "Eelektross": 284,
    "Eevee": 285,
    "Eiscue": 286,
    "Ekans": 287,
    "Eldegoss": 288,
    "Electabuzz": 289,
    "Electivire": 290,
    "Electrike": 291,
    "Electrode": 292,
    "Elekid": 293,
    "Elgyem": 294,
    "Emboar": 295,
    "Emolga": 296,
    "Empoleon": 297,
    "Enamorus": 298,
    "Entei": 299,
    "Escavalier": 300,
    "Espathra": 301,
    "Espeon": 302,
    "Espurr": 303,
    "Eternatus": 304,
    "Excadrill": 305,
    "Exeggcute": 306,
    "Exeggutor": 307,
    "Exploud": 308,
    "Falinks": 309,
    "Family of Three Maushold": 310,
    "Fan Rotom": 311,
    "Farfetch'd": 312,
    "Farigiraf": 313,
    "Fearow": 314,
    "Feebas": 315,
    "Fennekin": 316,
    "Feraligatr": 317,
    "Ferroseed": 318,
    "Ferrothorn": 319,
    "Fezandipiti": 320,
    "Fidough": 321,
    "Finizen": 322,
    "Finneon": 323,
    "Flaaffy": 324,
    "Flabébé": 325,
    "Flamigo": 326,
    "Flapple": 327,
    "Flareon": 328,
    "Fletchinder": 329,
    "Fletchling": 330,
    "Flittle": 331,
    "Floatzel": 332,
    "Floette": 333,
    "Floragato": 334,
    "Florges": 335,
    "Flutter Mane": 336,
    "Flygon": 337,
    "Fomantis": 338,
    "Foongus": 339,
    "Forretress": 340,
    "Fraxure": 341,
    "Frigibax": 342,
    "Frillish": 343,
    "Froakie": 344,
    "Frogadier": 345,
    "Froslass": 346,
    "Frosmoth": 347,
    "Frost Rotom": 348,
    "Fuecoco": 349,
    "Furfrou": 350,
    "Furret": 351,
    "Gabite": 352,
    "Galarian Articuno": 353,
    "Galarian Corsola": 354,
    "Galarian Darmanitan": 355,
    "Galarian Darumaka": 356,
    "Galarian Farfetch'd": 357,
    "Galarian Linoone": 358,
    "Galarian Meowth": 359,
    "Galarian Moltres": 360,
    "Galarian Mr. Mime": 361,
    "Galarian Ponyta": 362,
    "Galarian Rapidash": 363,
    "Galarian Slowbro": 364,
    "Galarian Slowking": 365,
    "Galarian Slowpoke": 366,
    "Galarian Stunfisk": 367,
    "Galarian Weezing": 368,
    "Galarian Yamask": 369,
    "Galarian Zapdos": 370,
    "Galarian Zen Darmanitan": 371,
    "Galarian Zigzagoon": 372,
    "Gallade": 373,
    "Galvantula": 374,
    "Garbodor": 375,
    "Garchomp": 376,
    "Gardevoir": 377,
    "Garganacl": 378,
    "Gastly": 379,
    "Gastrodon": 380,
    "Genesect": 381,
    "Gengar": 382,
    "Geodude": 383,
    "Gholdengo": 384,
    "Gible": 385,
    "Gigalith": 386,
    "Gimmighoul": 387,
    "Girafarig": 388,
    "Giratina": 389,
    "Glaceon": 390,
    "Glalie": 391,
    "Glameow": 392,
    "Glastrier": 393,
    "Gligar": 394,
    "Glimmet": 395,
    "Glimmora": 396,
    "Gliscor": 397,
    "Gloom": 398,
    "Gogoat": 399,
    "Golbat": 400,
    "Goldeen": 401,
    "Golduck": 402,
    "Golem": 403,
    "Golett": 404,
    "Golisopod": 405,
    "Golurk": 406,
    "Goodra": 407,
    "Goomy": 408,
    "Gorebyss": 409,
    "Gorging Cramorant": 410,
    "Gossifleur": 411,
    "Gothita": 412,
    "Gothitelle": 413,
    "Gothorita": 414,
    "Gouging Fire": 415,
    "Gourgeist": 416,
    "Grafaiai": 417,
    "Granbull": 418,
    "Grapploct": 419,
    "Graveler": 420,
    "Great Tusk": 421,
    "Greavard": 422,
    "Greedent": 423,
    "Greninja": 424,
    "Grimer": 425,
    "Grimmsnarl": 426,
    "Grookey": 427,
    "Grotle": 428,
    "Groudon": 429,
    "Grovyle": 430,
    "Growlithe": 431,
    "Grubbin": 432,
    "Grumpig": 433,
    "Gulpin": 434,
    "Gulping Cramorant": 435,
    "Gumshoos": 436,
    "Gurdurr": 437,
    "Guzzlord": 438,
    "Gyarados": 439,
    "Hakamo-o": 440,
    "Hangry Morpeko": 441,
    "Happiny": 442,
    "Hariyama": 443,
    "Hatenna": 444,
    "Hatterene": 445,
    "Hattrem": 446,
    "Haunter": 447,
    "Hawlucha": 448,
    "Haxorus": 449,
    "Hearthflame Mask Ogerpon": 450,
    "Heat Rotom": 451,
    "Heatmor": 452,
    "Heatran": 453,
    "Heliolisk": 454,
    "Helioptile": 455,
    "Heracross": 456,
    "Herdier": 457,
    "Hero Palafin": 458,
    "Hippopotas": 459,
    "Hippowdon": 460,
    "Hisuian Arcanine": 461,
    "Hisuian Avalugg": 462,
    "Hisuian Braviary": 463,
    "Hisuian Decidueye": 464,
    "Hisuian Electrode": 465,
    "Hisuian Goodra": 466,
    "Hisuian Growlithe": 467,
    "Hisuian Lilligant": 468,
    "Hisuian Qwilfish": 469,
    "Hisuian Samurott": 470,
    "Hisuian Sliggoo": 471,
    "Hisuian Sneasel": 472,
    "Hisuian Typhlosion": 473,
    "Hisuian Voltorb": 474,
    "Hisuian Zoroark": 475,
    "Hisuian Zorua": 476,
    "Hitmonchan": 477,
    "Hitmonlee": 478,
    "Hitmontop": 479,
    "Ho-Oh": 480,
    "Honchkrow": 481,
    "Honedge": 482,
    "Hoopa": 483,
    "Hoothoot": 484,
    "Hoppip": 485,
    "Horsea": 486,
    "Houndoom": 487,
    "Houndour": 488,
    "Houndstone": 489,
    "Huntail": 490,
    "Hydrapple": 491,
    "Hydreigon": 492,
    "Hypno": 493,
    "Igglybuff": 494,
    "Illumise": 495,
    "Impidimp": 496,
    "Incineroar": 497,
    "Indeedee": 498,
    "Infernape": 499,
    "Inkay": 500,
    "Inteleon": 501,
    "Iron Boulder": 502,
    "Iron Bundle": 503,
    "Iron Crown": 504,
    "Iron Hands": 505,
    "Iron Jugulis": 506,
    "Iron Leaves": 507,
    "Iron Moth": 508,
    "Iron Thorns": 509,
    "Iron Treads": 510,
    "Iron Valiant": 511,
    "Ivysaur": 512,
    "Jangmo-o": 513,
    "Jellicent": 514,
    "Jigglypuff": 515,
    "Jirachi": 516,
    "Jolteon": 517,
    "Joltik": 518,
    "Jumpluff": 519,
    "Jynx": 520,
    "Kabuto": 521,
    "Kabutops": 522,
    "Kadabra": 523,
    "Kakuna": 524,
    "Kangaskhan": 525,
    "Karrablast": 526,
    "Kartana": 527,
    "Kecleon": 528,
    "Keldeo": 529,
    "Kilowattrel": 530,
    "Kingambit": 531,
    "Kingdra": 532,
    "Kingler": 533,
    "Kirlia": 534,
    "Klang": 535,
    "Klawf": 536,
    "Kleavor": 537,
    "Klefki": 538,
    "Klink": 539,
    "Klinklang": 540,
    "Koffing": 541,
    "Komala": 542,
    "Kommo-o": 543,
    "Koraidon": 544,
    "Krabby": 545,
    "Kricketot": 546,
    "Kricketune": 547,
    "Krokorok": 548,
    "Krookodile": 549,
    "Kubfu": 550,
    "Kyogre": 551,
    "Kyurem": 552,
    "Lairon": 553,
    "Lampent": 554,
    "Landorus": 555,
    "Lanturn": 556,
    "Lapras": 557,
    "Larvesta": 558,
    "Larvitar": 559,
    "Latias": 560,
    "Latios": 561,
    "Leafeon": 562,
    "Leavanny": 563,
    "Lechonk": 564,
    "Ledian": 565,
    "Ledyba": 566,
    "Lickilicky": 567,
    "Lickitung": 568,
    "Liepard": 569,
    "Lileep": 570,
    "Lilligant": 571,
    "Lillipup": 572,
    "Linoone": 573,
    "Litleo": 574,
    "Litten": 575,
    "Litwick": 576,
    "Lokix": 577,
    "Lombre": 578,
    "Lopunny": 579,
    "Lotad": 580,
    "Loudred": 581,
    "Low Key Toxtricity": 582,
    "Lucario": 583,
    "Ludicolo": 584,
    "Lugia": 585,
    "Lumineon": 586,
    "Lunala": 587,
    "Lunatone": 588,
    "Lurantis": 589,
    "Luvdisc": 590,
    "Luxio": 591,
    "Luxray": 592,
    "Lycanroc": 593,
    "Mabosstiff": 594,
    "Machamp": 595,
    "Machoke": 596,
    "Machop": 597,
    "Magby": 598,
    "Magcargo": 599,
    "Magearna": 600,
    "Magikarp": 601,
    "Magmar": 602,
    "Magmortar": 603,
    "Magnemite": 604,
    "Magneton": 605,
    "Magnezone": 606,
    "Makuhita": 607,
    "Malamar": 608,
    "Mamoswine": 609,
    "Manaphy": 610,
    "Mandibuzz": 611,
    "Manectric": 612,
    "Mankey": 613,
    "Mantine": 614,
    "Mantyke": 615,
    "Maractus": 616,
    "Mareanie": 617,
    "Mareep": 618,
    "Marill": 619,
    "Marowak": 620,
    "Marshadow": 621,
    "Marshtomp": 622,
    "Maschiff": 623,
    "Masquerain": 624,
    "Maushold": 625,
    "Mawile": 626,
    "Medicham": 627,
    "Meditite": 628,
    "Meganium": 629,
    "Melmetal": 630,
    "Meloetta": 631,
    "Meltan": 632,
    "Meowscarada": 633,
    "Meowstic": 634,
    "Meowth": 635,
    "Mesprit": 636,
    "Metagross": 637,
    "Metang": 638,
    "Metapod": 639,
    "Mew": 640,
    "Mewtwo": 641,
    "Midnight Lycanroc": 642,
    "Mienfoo": 643,
    "Mienshao": 644,
    "Mightyena": 645,
    "Milcery": 646,
    "Milotic": 647,
    "Miltank": 648,
    "Mime Jr_": 649,
    "Mimikyu": 650,
    "Minccino": 651,
    "Minior": 652,
    "Minun": 653,
    "Miraidon": 654,
    "Misdreavus": 655,
    "Mismagius": 656,
    "Moltres": 657,
    "Monferno": 658,
    "Morelull": 659,
    "Morgrem": 660,
    "Morpeko": 661,
    "Mothim": 662,
    "Mow Rotom": 663,
    "Mr. Mime": 664,
    "Mr. Rime": 665,
    "Mudbray": 666,
    "Mudkip": 667,
    "Mudsdale": 668,
    "Muk": 669,
    "Munchlax": 670,
    "Munkidori": 671,
    "Munna": 672,
    "Murkrow": 673,
    "Musharna": 674,
    "Nacli": 675,
    "Naclstack": 676,
    "Naganadel": 677,
    "Natu": 678,
    "Necrozma": 679,
    "Nickit": 680,
    "Nidoking": 681,
    "Nidoqueen": 682,
    "Nidoran♀️": 683,
    "Nidoran♂️": 684,
    "Nidorina": 685,
    "Nidorino": 686,
    "Nihilego": 687,
    "Nincada": 688,
    "Ninetales": 689,
    "Ninjask": 690,
    "Noctowl": 691,
    "Noibat": 692,
    "Noice Face Eiscue": 693,
    "Noivern": 694,
    "Nosepass": 695,
    "Numel": 696,
    "Nuzleaf": 697,
    "Nymble": 698,
    "Obstagoon": 699,
    "Octillery": 700,
    "Oddish": 701,
    "Ogerpon": 702,
    "Oinkologne": 703,
    "Okidogi": 704,
    "Omanyte": 705,
    "Omastar": 706,
    "Onix": 707,
    "Oranguru": 708,
    "Orbeetle": 709,
    "Oricorio": 710,
    "Orthworm": 711,
    "Oshawott": 712,
    "Overqwil": 713,
    "Pa'u Oricorio": 714,
    "Pachirisu": 715,
    "Palafin": 716,
    "Paldean Wooper": 717,
    "Palkia": 718,
    "Palossand": 719,
    "Palpitoad": 720,
    "Pancham": 721,
    "Pangoro": 722,
    "Panpour": 723,
    "Pansage": 724,
    "Pansear": 725,
    "Paras": 726,
    "Parasect": 727,
    "Partner Eevee": 728,
    "Partner Pikachu": 729,
    "Passimian": 730,
    "Patrat": 731,
    "Pawmi": 732,
    "Pawmo": 733,
    "Pawmot": 734,
    "Pawniard": 735,
    "Pecharunt": 736,
    "Pelipper": 737,
    "Perrserker": 738,
    "Persian": 739,
    "Petilil": 740,
    "Phanpy": 741,
    "Phantump": 742,
    "Pheromosa": 743,
    "Phione": 744,
    "Pichu": 745,
    "Pidgeot": 746,
    "Pidgeotto": 747,
    "Pidgey": 748,
    "Pidove": 749,
    "Pignite": 750,
    "Pikachu": 751,
    "Pikipek": 752,
    "Piloswine": 753,
    "Pincurchin": 754,
    "Pineco": 755,
    "Pinsir": 756,
    "Piplup": 757,
    "Pirouette Meloetta": 758,
    "Plusle": 759,
    "Poipole": 760,
    "Politoed": 761,
    "Poliwag": 762,
    "Poliwhirl": 763,
    "Poliwrath": 764,
    "Poltchageist": 765,
    "Polteageist": 766,
    "Pom-pom Oricorio": 767,
    "Ponyta": 768,
    "Poochyena": 769,
    "Popplio": 770,
    "Porygon": 771,
    "Porygon-Z": 772,
    "Porygon2": 773,
    "Primarina": 774,
    "Primeape": 775,
    "Prinplup": 776,
    "Probopass": 777,
    "Psyduck": 778,
    "Pumpkaboo": 779,
    "Pupitar": 780,
    "Purrloin": 781,
    "Purugly": 782,
    "Pyroar": 783,
    "Pyukumuku": 784,
    "Quagsire": 785,
    "Quaquaval": 786,
    "Quaxly": 787,
    "Quaxwell": 788,
    "Quilava": 789,
    "Quilladin": 790,
    "Qwilfish": 791,
    "Raboot": 792,
    "Rabsca": 793,
    "Raging Bolt": 794,
    "Raichu": 795,
    "Raikou": 796,
    "Rainy Castform": 797,
    "Ralts": 798,
    "Rampardos": 799,
    "Rapid Strike Urshifu": 800,
    "Rapidash": 801,
    "Raticate": 802,
    "Rattata": 803,
    "Rayquaza": 804,
    "Regice": 805,
    "Regidrago": 806,
    "Regieleki": 807,
    "Regigigas": 808,
    "Regirock": 809,
    "Registeel": 810,
    "Relicanth": 811,
    "Rellor": 812,
    "Remoraid": 813,
    "Reshiram": 814,
    "Reuniclus": 815,
    "Revavroom": 816,
    "Rhydon": 817,
    "Rhyhorn": 818,
    "Rhyperior": 819,
    "Ribombee": 820,
    "Rillaboom": 821,
    "Riolu": 822,
    "Roaming Gimmighoul": 823,
    "Roaring Moon": 824,
    "Rockruff": 825,
    "Roggenrola": 826,
    "Rolycoly": 827,
    "Rookidee": 828,
    "Roselia": 829,
    "Roserade": 830,
    "Rotom": 831,
    "Rowlet": 832,
    "Rufflet": 833,
    "Runerigus": 834,
    "Sableye": 835,
    "Salamence": 836,
    "Salandit": 837,
    "Salazzle": 838,
    "Samurott": 839,
    "Sandaconda": 840,
    "Sandile": 841,
    "Sandshrew": 842,
    "Sandslash": 843,
    "Sandy Shocks": 844,
    "Sandy Wormadam": 845,
    "Sandygast": 846,
    "Sawk": 847,
    "Sawsbuck": 848,
    "Scatterbug": 849,
    "Sceptile": 850,
    "School Wishiwashi": 851,
    "Scizor": 852,
    "Scolipede": 853,
    "Scorbunny": 854,
    "Scovillain": 855,
    "Scrafty": 856,
    "Scraggy": 857,
    "Scream Tail": 858,
    "Scyther": 859,
    "Seadra": 860,
    "Seaking": 861,
    "Sealeo": 862,
    "Seedot": 863,
    "Seel": 864,
    "Seismitoad": 865,
    "Sensu Oricorio": 866,
    "Sentret": 867,
    "Serperior": 868,
    "Servine": 869,
    "Seviper": 870,
    "Sewaddle": 871,
    "Sharpedo": 872,
    "Shaymin": 873,
    "Shedinja": 874,
    "Shelgon": 875,
    "Shellder": 876,
    "Shellos": 877,
    "Shelmet": 878,
    "Shieldon": 879,
    "Shiftry": 880,
    "Shiinotic": 881,
    "Shinx": 882,
    "Shroodle": 883,
    "Shroomish": 884,
    "Shuckle": 885,
    "Shuppet": 886,
    "Sigilyph": 887,
    "Silcoon": 888,
    "Silicobra": 889,
    "Silvally": 890,
    "Simipour": 891,
    "Simisage": 892,
    "Simisear": 893,
    "Sinistcha": 894,
    "Sinistea": 895,
    "Sirfetch'd": 896,
    "Sizzlipede": 897,
    "Skarmory": 898,
    "Skeledirge": 899,
    "Skiddo": 900,
    "Skiploom": 901,
    "Skitty": 902,
    "Skorupi": 903,
    "Skrelp": 904,
    "Skuntank": 905,
    "Skwovet": 906,
    "Slaking": 907,
    "Slakoth": 908,
    "Sliggoo": 909,
    "Slither Wing": 910,
    "Slowbro": 911,
    "Slowking": 912,
    "Slowpoke": 913,
    "Slugma": 914,
    "Slurpuff": 915,
    "Smeargle": 916,
    "Smoliv": 917,
    "Smoochum": 918,
    "Sneasel": 919,
    "Sneasler": 920,
    "Snivy": 921,
    "Snom": 922,
    "Snorlax": 923,
    "Snorunt": 924,
    "Snover": 925,
    "Snowy Castform": 926,
    "Snubbull": 927,
    "Sobble": 928,
    "Solgaleo": 929,
    "Solosis": 930,
    "Solrock": 931,
    "Spearow": 932,
    "Spectrier": 933,
    "Speed Deoxys": 934,
    "Spewpa": 935,
    "Spheal": 936,
    "Spidops": 937,
    "Spinarak": 938,
    "Spinda": 939,
    "Spiritomb": 940,
    "Spoink": 941,
    "Sprigatito": 942,
    "Spritzee": 943,
    "Squawkabilly": 944,
    "Squirtle": 945,
    "Stakataka": 946,
    "Stantler": 947,
    "Staraptor": 948,
    "Staravia": 949,
    "Starly": 950,
    "Starmie": 951,
    "Staryu": 952,
    "Steelix": 953,
    "Steenee": 954,
    "Stonjourner": 955,
    "Stoutland": 956,
    "Stretchy Tatsugiri": 957,
    "Stufful": 958,
    "Stunfisk": 959,
    "Stunky": 960,
    "Sudowoodo": 961,
    "Suicune": 962,
    "Sunflora": 963,
    "Sunkern": 964,
    "Sunny Castform": 965,
    "Surskit": 966,
    "Swablu": 967,
    "Swadloon": 968,
    "Swalot": 969,
    "Swampert": 970,
    "Swanna": 971,
    "Swellow": 972,
    "Swinub": 973,
    "Swirlix": 974,
    "Swoobat": 975,
    "Sylveon": 976,
    "Tadbulb": 977,
    "Taillow": 978,
    "Talonflame": 979,
    "Tandemaus": 980,
    "Tangela": 981,
    "Tangrowth": 982,
    "Tapu Bulu": 983,
    "Tapu Fini": 984,
    "Tapu Koko": 985,
    "Tapu Lele": 986,
    "Tarountula": 987,
    "Tatsugiri": 988,
    "Tauros": 989,
    "Teddiursa": 990,
    "Tentacool": 991,
    "Tentacruel": 992,
    "Tepig": 993,
    "Terapagos": 994,
    "Terastal Terapagos": 995,
    "Terrakion": 996,
    "Thievul": 997,
    "Three-Segment Dudunsparce": 998,
    "Throh": 999,
    "Thundurus": 1000,
    "Thwackey": 1001,
    "Timburr": 1002,
    "Ting-Lu": 1003,
    "Tinkatink": 1004,
    "Tinkaton": 1005,
    "Tinkatuff": 1006,
    "Tirtouga": 1007,
    "Toedscool": 1008,
    "Toedscruel": 1009,
    "Togedemaru": 1010,
    "Togekiss": 1011,
    "Togepi": 1012,
    "Togetic": 1013,
    "Torchic": 1014,
    "Torkoal": 1015,
    "Tornadus": 1016,
    "Torracat": 1017,
    "Torterra": 1018,
    "Totodile": 1019,
    "Toucannon": 1020,
    "Toxapex": 1021,
    "Toxel": 1022,
    "Toxicroak": 1023,
    "Tranquill": 1024,
    "Trapinch": 1025,
    "Trash Wormadam": 1026,
    "Treecko": 1027,
    "Trevenant": 1028,
    "Tropius": 1029,
    "Trubbish": 1030,
    "Trumbeak": 1031,
    "Tsareena": 1032,
    "Turtonator": 1033,
    "Turtwig": 1034,
    "Tympole": 1035,
    "Tynamo": 1036,
    "Type": 1037,
    "Typhlosion": 1038,
    "Tyranitar": 1039,
    "Tyrantrum": 1040,
    "Tyrogue": 1041,
    "Tyrunt": 1042,
    "Umbreon": 1043,
    "Unfezant": 1044,
    "Unown": 1045,
    "Ursaluna": 1046,
    "Ursaring": 1047,
    "Urshifu": 1048,
    "Uxie": 1049,
    "Vanillish": 1050,
    "Vanillite": 1051,
    "Vanilluxe": 1052,
    "Vaporeon": 1053,
    "Varoom": 1054,
    "Veluza": 1055,
    "Venipede": 1056,
    "Venomoth": 1057,
    "Venonat": 1058,
    "Venusaur": 1059,
    "Vespiquen": 1060,
    "Vibrava": 1061,
    "Victini": 1062,
    "Victreebel": 1063,
    "Vigoroth": 1064,
    "Vikavolt": 1065,
    "Vileplume": 1066,
    "Virizion": 1067,
    "Vivillon": 1068,
    "Volbeat": 1069,
    "Volcanion": 1070,
    "Volcarona": 1071,
    "Voltorb": 1072,
    "Vullaby": 1073,
    "Vulpix": 1074,
    "Wailmer": 1075,
    "Wailord": 1076,
    "Walking Wake": 1077,
    "Walrein": 1078,
    "Wartortle": 1079,
    "Wash Rotom": 1080,
    "Watchog": 1081,
    "Waterpolo Ducklett": 1082,
    "Wattrel": 1083,
    "Weavile": 1084,
    "Weedle": 1085,
    "Weepinbell": 1086,
    "Weezing": 1087,
    "Wellspring Mask Ogerpon": 1088,
    "Whimsicott": 1089,
    "Whirlipede": 1090,
    "Whiscash": 1091,
    "Whismur": 1092,
    "White Plumage Squawkabilly": 1093,
    "White-Striped Basculin": 1094,
    "Wigglytuff": 1095,
    "Wiglett": 1096,
    "Wimpod": 1097,
    "Wingull": 1098,
    "Wishiwashi": 1099,
    "Wo-Chien": 1100,
    "Wobbuffet": 1101,
    "Woobat": 1102,
    "Wooloo": 1103,
    "Wooper": 1104,
    "Wormadam": 1105,
    "Wugtrio": 1106,
    "Wurmple": 1107,
    "Wynaut": 1108,
    "Wyrdeer": 1109,
    "Xatu": 1110,
    "Xerneas": 1111,
    "Xurkitree": 1112,
    "Yamask": 1113,
    "Yamper": 1114,
    "Yanma": 1115,
    "Yanmega": 1116,
    "Yellow Plumage Squawkabilly": 1117,
    "Yungoos": 1118,
    "Yveltal": 1119,
    "Zacian": 1120,
    "Zamazenta": 1121,
    "Zangoose": 1122,
    "Zapdos": 1123,
    "Zarude": 1124,
    "Zebstrika": 1125,
    "Zekrom": 1126,
    "Zen Darmanitan": 1127,
    "Zenith Marshadow": 1128,
    "Zeraora": 1129,
    "Zigzagoon": 1130,
    "Zoroark": 1131,
    "Zorua": 1132,
    "Zubat": 1133,
    "Zweilous": 1134,
    "Zygarde": 1135,
    "Zygarde Cell": 1136,
    "Zygarde Core": 1137
  }
  
