{"modelTopology":{"class_name":"Sequential","config":{"name":"sequential_1","layers":[{"class_name":"Conv2D","config":{"filters":32,"kernel_initializer":{"class_name":"VarianceScaling","config":{"scale":1,"mode":"fan_avg","distribution":"normal","seed":null}},"kernel_regularizer":null,"kernel_constraint":null,"kernel_size":[3,3],"strides":[1,1],"padding":"valid","data_format":"channels_last","dilation_rate":[1,1],"activation":"relu","use_bias":true,"bias_initializer":{"class_name":"Zeros","config":{}},"bias_regularizer":null,"activity_regularizer":null,"bias_constraint":null,"name":"conv2d_Conv2D1","trainable":true,"batch_input_shape":[null,64,64,3],"dtype":"float32"}},{"class_name":"MaxPooling2D","config":{"pool_size":[2,2],"padding":"valid","strides":[2,2],"data_format":"channels_last","name":"max_pooling2d_MaxPooling2D1","trainable":true}},{"class_name":"Flatten","config":{"name":"flatten_Flatten1","trainable":true}},{"class_name":"Dense","config":{"units":64,"activation":"relu","use_bias":true,"kernel_initializer":{"class_name":"VarianceScaling","config":{"scale":1,"mode":"fan_avg","distribution":"normal","seed":null}},"bias_initializer":{"class_name":"Zeros","config":{}},"kernel_regularizer":null,"bias_regularizer":null,"activity_regularizer":null,"kernel_constraint":null,"bias_constraint":null,"name":"dense_Dense1","trainable":true}},{"class_name":"Dense","config":{"units":1138,"activation":"softmax","use_bias":true,"kernel_initializer":{"class_name":"VarianceScaling","config":{"scale":1,"mode":"fan_avg","distribution":"normal","seed":null}},"bias_initializer":{"class_name":"Zeros","config":{}},"kernel_regularizer":null,"bias_regularizer":null,"activity_regularizer":null,"kernel_constraint":null,"bias_constraint":null,"name":"dense_Dense2","trainable":true}}]},"keras_version":"tfjs-layers 4.22.0","backend":"tensor_flow.js"},"weightsManifest":[{"paths":["weights.bin"],"weights":[{"name":"conv2d_Conv2D1/kernel","shape":[3,3,3,32],"dtype":"float32"},{"name":"conv2d_Conv2D1/bias","shape":[32],"dtype":"float32"},{"name":"dense_Dense1/kernel","shape":[30752,64],"dtype":"float32"},{"name":"dense_Dense1/bias","shape":[64],"dtype":"float32"},{"name":"dense_Dense2/kernel","shape":[64,1138],"dtype":"float32"},{"name":"dense_Dense2/bias","shape":[1138],"dtype":"float32"}]}],"format":"layers-model","generatedBy":"TensorFlow.js tfjs-layers v4.22.0","convertedBy":null}